chave,token_pt,tipo_termo,erros
"""asim umar""",Asim Umar,Nome Próprio (Pessoa),definicao_pt ausente ou vazio
"""atiyah abd al-rahman""",Atiyah Abd al-Rahman,Nome Próprio (Pessoa),definicao_pt ausente ou vazio
"""ayman al-zawahiri""",Ayman al-Zawahiri,Nome Próprio (Pessoa),definicao_pt ausente ou vazio
"""ba ag moussa""",Ba ag mousa,Nome Próprio (Pessoa),definicao_pt ausente ou vazio
"""faisal ashfaq butt""",Faisal Ashfaq Butt,Nome Próprio (Pessoa),definicao_pt ausente ou vazio
"""hameed lelhari""",Hamed Lelhari,Nome Próprio (Pessoa),definicao_pt ausente ou vazio
"""harith bin ghazi al-nadhari""",Harith bin Ghazi al-Nhari,Nome Próprio (Pessoa),definicao_pt ausente ou vazio
"""hassan al-ansari""",Hassan al-Ansari,Nome Próprio (Pessoa),definicao_pt ausente ou vazio
"""ibrahim ahmad mahmood al-qosi""",Ibraim Ahmad Mahmoud al-Qosi,Nome Próprio (Pessoa),definicao_pt ausente ou vazio
"""iyad ag ghaly""",Como Ag Ghaly,Nome Próprio (Pessoa),definicao_pt ausente ou vazio
"""khalid saeed al-batarfi""",Khalid Saeed al-Batarfi,Nome Próprio (Pessoa),definicao_pt ausente ou vazio
"""mullah krekar""",Mullah Krekar,Nome Próprio (Pessoa),definicao_pt ausente ou vazio
"""musa cerantonio""",Musa Cerantonio,Nome Próprio (Pessoa),definicao_pt ausente ou vazio
"""omar bakri muhammad""",Omar Bakri Muhammad,Nome Próprio (Pessoa),definicao_pt ausente ou vazio
"""osama bin laden""",Osama bin Laden,Nome Próprio (Pessoa),definicao_pt ausente ou vazio
"""qasim al-raymi""",Seu al-Raymi,Nome Próprio (Pessoa),definicao_pt ausente ou vazio
"""qutaybah abu numan al-shinqiti""",Qutaybah Abu Numan al-Shinqiti,Nome Próprio (Pessoa),definicao_pt ausente ou vazio
"""saif al-adl""",Saif al-adl,Nome Próprio (Pessoa),definicao_pt ausente ou vazio
"""sami al-oraydi""",Sami al -Raydi,Nome Próprio (Pessoa),definicao_pt ausente ou vazio
"""sayyid qutb""",Sayyid Qutb,Nome Próprio (Pessoa),definicao_pt ausente ou vazio
"""talha abdul rehman""",Talha Abdul Rhman,Nome Próprio (Pessoa),definicao_pt ausente ou vazio
"""usama mahmoud""",Usama Mahmoud,Nome Próprio (Pessoa),definicao_pt ausente ou vazio
"""yahya abu al-hammam""",Yahya Abu al-Hammam,Nome Próprio (Pessoa),definicao_pt ausente ou vazio
"""yasin al-suri""",Yasin al-Suri,Nome Próprio (Pessoa),definicao_pt ausente ou vazio
"""zakir musa""",Zakir Moses,Nome Próprio (Pessoa),definicao_pt ausente ou vazio
"""ahmed umar abu ubaidah""",Ahmed Umar Abu Ubaidah,Nome Próprio (Pessoa),definicao_pt ausente ou vazio
"""sheikh ali dheere""",Sheikh Ali Dheeere,Nome Próprio (Pessoa),definicao_pt ausente ou vazio
"""fuad mohamed qalaf""",Fuad Mohamed Daraf,Nome Próprio (Pessoa),definicao_pt ausente ou vazio
"""jehad serwan mostafa""",Jehad Serwan Mostafa,Nome Próprio (Pessoa),definicao_pt ausente ou vazio
"""sheikh abdul aziz abu musab""",Sheikh Abdul Aziz Abu Musab,Nome Próprio (Pessoa),definicao_pt ausente ou vazio
"""abdullahi osman mohamed""",Abdullahi Osman Mohamed,Nome Próprio (Pessoa),definicao_pt ausente ou vazio
"""maalim ayman""",Maalim Ayman,Nome Próprio (Pessoa),definicao_pt ausente ou vazio
"""ahmed abdi godane""",Ahmed Abdi Godane,Nome Próprio (Pessoa),definicao_pt ausente ou vazio
"""abu mansoor al-amriki""",Abu Mansoor al-Amriki,Nome Próprio (Pessoa),definicao_pt ausente ou vazio
"""fazul abdullah mohammed""",Fazul Abdullah Mohammed,Nome Próprio (Pessoa),definicao_pt ausente ou vazio
"""aden hashi farah ayro""",Aden Hashi Farah Ayro,Nome Próprio (Pessoa),definicao_pt ausente ou vazio
"""hassan dahir aweys""",Hassan Dahir Aweys,Nome Próprio (Pessoa),definicao_pt ausente ou vazio
"""mukhtar robow""",Mukhtar Robow,Nome Próprio (Pessoa),definicao_pt ausente ou vazio
"""abu usama al ansari""",Abu Usama al Ansari,Nome Próprio (Pessoa),definicao_pt ausente ou vazio
"""abu yasir""",Abu Yasir,Nome Próprio (Pessoa),definicao_pt ausente ou vazio
"""imam abu yusuf muhammad bin yusuf""",Imam Abu Yusuf Muhammad bin Yusuf,Nome Próprio (Pessoa),definicao_pt ausente ou vazio
“abu jafa’ar”,Acima de,Nome Próprio (Pessoa),definicao_pt ausente ou vazio
“abu malik shaybah al-hamad”,“Abu Malik Shaybah al-Hamad”,Nome Próprio (Pessoa),definicao_pt ausente ou vazio
“abu musab al-barnawi”,Abu Musaab al-Barnawi,Nome Próprio (Pessoa),definicao_pt ausente ou vazio
“greetings to the mujahideen”,“Saudações ao Mujahideen”,Nome Próprio (Pessoa),definicao_pt ausente ou vazio
“khalid al-barnawi”,“Khalid al-Barnawi”,Nome Próprio (Pessoa),definicao_pt ausente ou vazio
"“message to america and other infidels, polytheists, and hypocrites”","“Mensagem para a América e outros infiéis, politeístas e hipócritas”",Nome Próprio (Pessoa),definicao_pt ausente ou vazio
“wadi baya”,Wadi de volta,Nome Próprio (Pessoa),definicao_pt ausente ou vazio
“abdel aziz al-rantisi”,“Abdel Aziz al-Rantisi”,Nome Próprio (Pessoa),definicao_pt ausente ou vazio
"""abdel aziz ali abdul majid al-hafeez al-rantisi""",Abdel Aziz Ali Abdol Majid al-Hafeez al-Rantisi,Nome Próprio (Pessoa),definicao_pt ausente ou vazio
"""abu omar""",Abu Omar,Nome Próprio (Pessoa),definicao_pt ausente ou vazio
"""abu-omar""",Abu-omar,Nome Próprio (Pessoa),definicao_pt ausente ou vazio
"""dr. musa abu-marzuq”",Dr. Moses Abu-Marzuq,Nome Próprio (Pessoa),definicao_pt ausente ou vazio
"""ismail abd al-salam ahmed haniyeh""",Ismail Abd al-Salam Ahmed Haniyeh,Nome Próprio (Pessoa),definicao_pt ausente ou vazio
"""ismail haniyeh""",Ismail Haniyeh,Nome Próprio (Pessoa),definicao_pt ausente ou vazio
"""musa abu marzuk”",Moses Abu Marzuk,Nome Próprio (Pessoa),definicao_pt ausente ou vazio
"""saleh al-arouri”",Saleh al-Areouri,Nome Próprio (Pessoa),definicao_pt ausente ou vazio
"""salih barghouti”",Salih Barghouti,Nome Próprio (Pessoa),definicao_pt ausente ou vazio
"""yehya ayyash”",“Yehya Ayyyash”,Nome Próprio (Pessoa),definicao_pt ausente ou vazio
“abu mohammad”,Abu Mohammad,Nome Próprio (Pessoa),definicao_pt ausente ou vazio
“adnan al-ghoul”,“Adnan al-Ghoul”,Nome Próprio (Pessoa),definicao_pt ausente ou vazio
“ahmed al-jabari”,Ahmed al-Jabari,Nome Próprio (Pessoa),definicao_pt ausente ou vazio
“khaled mashaal”,Mashaal Khaled,Nome Próprio (Pessoa),definicao_pt ausente ou vazio
“khalid mishaal”,Khalid Mishaal,Nome Próprio (Pessoa),definicao_pt ausente ou vazio
“mahmoud al-zahar”,“Mahmoud al-Zhaar”,Nome Próprio (Pessoa),definicao_pt ausente ou vazio
“marwan issa”,“Marwan Issa”,Nome Próprio (Pessoa),definicao_pt ausente ou vazio
“mohammed deif”,Mohammed devido,Nome Próprio (Pessoa),definicao_pt ausente ou vazio
“mousa mohammed abou marzook”,“Mousa Mohammed Abou Marzook”,Nome Próprio (Pessoa),definicao_pt ausente ou vazio
“mousa mohammed abu marzook”,“Mousa Mohammed Abu Marzook”,Nome Próprio (Pessoa),definicao_pt ausente ou vazio
“musa abu marzouk”,Moses Abu Marzouk,Nome Próprio (Pessoa),definicao_pt ausente ou vazio
“sa'id abu-marzuq”,Sa'id Abu-Marzuq,Nome Próprio (Pessoa),definicao_pt ausente ou vazio
“salah al-arouri”,Errado Al-Areouri,Nome Próprio (Pessoa),definicao_pt ausente ou vazio
"“salah mustafa muhammad shehade”, ""salah shehade""","Errado Mustafa Muhammad Shehade, ""Salah Shehade""",Nome Próprio (Pessoa),definicao_pt ausente ou vazio
“salah shehade”,Salah Shehade,Nome Próprio (Pessoa),definicao_pt ausente ou vazio
“saleh barghouti”,Saleh Barghouti,Nome Próprio (Pessoa),definicao_pt ausente ou vazio
“saleh al-aruri”,Saleh al-Areri,Nome Próprio (Pessoa),definicao_pt ausente ou vazio
“sheikh ahmed ismail hassan yassin”,Sheikh Ahmed Ismail Hassan Yassin,Nome Próprio (Pessoa),definicao_pt ausente ou vazio
“yahya al-sinwar”,Yahya al-Sinwar,Nome Próprio (Pessoa),definicao_pt ausente ou vazio
"""abu al-fatah al-farghali""",Abu al-Fattah al-Farghali,Nome Próprio (Pessoa),definicao_pt ausente ou vazio
"""abu bakr muhsin""",Abu Bakr Muhsin,Nome Próprio (Pessoa),definicao_pt ausente ou vazio
"""abu jabir al-sheikh"", ""hashim al-shaykh""","Abu Jabir al-Sheikh, ""Hashim al-Shaykh""",Nome Próprio (Pessoa),definicao_pt ausente ou vazio
"""abu marieh qahtani""",Abu Marieh Qahni,Nome Próprio (Pessoa),definicao_pt ausente ou vazio
"""abu mohammad shura""",Abu Mohammad Shura,Nome Próprio (Pessoa),definicao_pt ausente ou vazio
"""abu muhammad al-jolani"", ""ahmed hussein al-shar'a""","Abu Muhammad al-Jolani, ""Ahmed Hussin al-Sar'a""",Nome Próprio (Pessoa),definicao_pt ausente ou vazio
"""al-shamali""",Al-Shamali,Nome Próprio (Pessoa),definicao_pt ausente ou vazio
"""anas hassan khattab""",Anas Hassan Khattab,Nome Próprio (Pessoa),definicao_pt ausente ou vazio
"""hashim al-shaykh""",Hashim al-Shaykh,Nome Próprio (Pessoa),definicao_pt ausente ou vazio
"""ibrahim shaho""",Abraham Hawk,Nome Próprio (Pessoa),definicao_pt ausente ou vazio
"""mohammed al-sheikh""",Mohammed al-Sheikh,Nome Próprio (Pessoa),definicao_pt ausente ou vazio
"""sheikh bashar al-shami""",Sheikh Bashar al-Shami,Nome Próprio (Pessoa),definicao_pt ausente ou vazio
"""abbas shuqeir""",Abbas Shuqeir,Nome Próprio (Pessoa),definicao_pt ausente ou vazio
"""hajj muhammad afif""",Hajj Muhammad Afif,Nome Próprio (Pessoa),definicao_pt ausente ou vazio
"""hashem safi al-din""",Hashem Safi al-Din,Nome Próprio (Pessoa),definicao_pt ausente ou vazio
"""ibrahim mousawi""",Ibrahim Mousawi,Nome Próprio (Pessoa),definicao_pt ausente ou vazio
"""imad eid""",Maad Eid,Nome Próprio (Pessoa),definicao_pt ausente ou vazio
"""mohammad yazbek""",Mohammad Yazbek,Nome Próprio (Pessoa),definicao_pt ausente ou vazio
"""nabil qaouq""",Nabil Qaouq,Nome Próprio (Pessoa),definicao_pt ausente ou vazio
"""naha abdallah""",Naa Abdallah,Nome Próprio (Pessoa),definicao_pt ausente ou vazio
"""naim qassem""","Não para "".",Nome Próprio (Pessoa),definicao_pt ausente ou vazio
"""sayyid hassan nasrallah""",Sayyid Hassan Nasrallah,Nome Próprio (Pessoa),definicao_pt ausente ou vazio
"""sheikh bassam mohammad hussein""",Sheikh Bassam Mohammad Hussein,Nome Próprio (Pessoa),definicao_pt ausente ou vazio
"""subhi al-tufayli""",Subhi al-Tufayli,Nome Próprio (Pessoa),definicao_pt ausente ou vazio
"""youssef al-zein""",Youssef al-Zein,Nome Próprio (Pessoa),definicao_pt ausente ou vazio
“ali hosseini khamenei”,“Ali Hosseini Khamenei”,Nome Próprio (Pessoa),definicao_pt ausente ou vazio
“aytollah khomeini”,“Aytollah Khomeini”,Nome Próprio (Pessoa),definicao_pt ausente ou vazio
“imam moussa sadr”,“Imam Moussa Sadr”,Nome Próprio (Pessoa),definicao_pt ausente ou vazio
“mohammad raad”,Conselho de Mohammad,Nome Próprio (Pessoa),definicao_pt ausente ou vazio
“qasem soleimani”,Qasem Soleimani,Nome Próprio (Pessoa),definicao_pt ausente ou vazio
“sheikh ragheb harb”,“Sheikh Ragheb Harb”,Nome Próprio (Pessoa),definicao_pt ausente ou vazio
"""abd al-raouf al-muhajir""",Abd al-Rauf al-Muhajir,Nome Próprio (Pessoa),definicao_pt ausente ou vazio
"""abu abdullah al-britani""",Abu Abdullah al-Britani,Nome Próprio (Pessoa),definicao_pt ausente ou vazio
"""abu al-bara al-muhajir""",Abu al-Bara al-Muhajir,Nome Próprio (Pessoa),definicao_pt ausente ou vazio
"""abu al-hasan al-muhajir""",Abu al-Hasan al-Muhajir,Nome Próprio (Pessoa),definicao_pt ausente ou vazio
"""abu ali al-anbari""",Abu Ali al-Anbari,Nome Próprio (Pessoa),definicao_pt ausente ou vazio
"""abu bakr al-baghdadi""",Abu Bakr al-Bgghdadi,Nome Próprio (Pessoa),definicao_pt ausente ou vazio
"""abu bakr al-gharib""",Abu Bakr al-Gharib,Nome Próprio (Pessoa),definicao_pt ausente ou vazio
"""abu hamza al-qurayshi""",Abu Hamza al-Qurayshi,Nome Próprio (Pessoa),definicao_pt ausente ou vazio
"""abu ibrahim al-hashimi al-qurashi""","Abu Ibrahim al-Hashi al-Hashashi """,Nome Próprio (Pessoa),definicao_pt ausente ou vazio
"""abu mohammad al-adnani""",Abu Mohammad al-Adani,Nome Próprio (Pessoa),definicao_pt ausente ou vazio
"""abu nabil al-anbari""",Abu Nabil al-Anbari,Nome Próprio (Pessoa),definicao_pt ausente ou vazio
"""abu omar al-baghdadi""",Abu Omar al-Bghdadi,Nome Próprio (Pessoa),definicao_pt ausente ou vazio
"""abu omar al-shishani""",Abu Omar al-Buzinan,Nome Próprio (Pessoa),definicao_pt ausente ou vazio
"""abu sayyaf""",Abu Sayyaf,Nome Próprio (Pessoa),definicao_pt ausente ou vazio
"""abu yasser al-issawi""",Abu Yasser al-Isawi,Nome Próprio (Pessoa),definicao_pt ausente ou vazio
"""adnan abu walid al-sahrawi""",Abu Abu Walid al-Sahrawi,Nome Próprio (Pessoa),definicao_pt ausente ou vazio
"""aman abdurrahman""",Aman Abdurrahman,Nome Próprio (Pessoa),definicao_pt ausente ou vazio
"""aziz azzam""",Aziz Azzam,Nome Próprio (Pessoa),definicao_pt ausente ou vazio
"""daud mehsud""",Daud Mehsud,Nome Próprio (Pessoa),definicao_pt ausente ou vazio
"""hajji hamid""",Hajji Hamid,Nome Próprio (Pessoa),definicao_pt ausente ou vazio
"""musa muhsin baluko""",Musa Muhsin Baluko,Nome Próprio (Pessoa),definicao_pt ausente ou vazio
"""roustam aselderov""",Roustam Aselderov,Nome Próprio (Pessoa),definicao_pt ausente ou vazio
"""shahab al-muhajir""",Shahab al-Muhajir,Nome Próprio (Pessoa),definicao_pt ausente ou vazio
“abdul basit oral”,Abdul simples oral,Nome Próprio (Pessoa),definicao_pt ausente ou vazio
“abdul salam rigi”,Abdul Salam Rigi,Nome Próprio (Pessoa),definicao_pt ausente ou vazio
“abdulrahim mulazadeh”,Abdulrahim Mulazadeh,Nome Próprio (Pessoa),definicao_pt ausente ou vazio
“amir abdolmalek baloch”,“Amir Abdolmalek Baloch”,Nome Próprio (Pessoa),definicao_pt ausente ou vazio
“amir abdul malik baloch”,Amir Abdul Malik Baloch,Nome Próprio (Pessoa),definicao_pt ausente ou vazio
“amira dolmalik baloch”,Amira Dolmalik Baloch,Nome Próprio (Pessoa),definicao_pt ausente ou vazio
“mullah omar”,“Mullah Omar”,Nome Próprio (Pessoa),definicao_pt ausente ou vazio
“salah al-din al-farouqi”,Salah al-Din al-Farouqi,Nome Próprio (Pessoa),definicao_pt ausente ou vazio
“salahuddin farooqui”,Salahuddin Farooqui,Nome Próprio (Pessoa),definicao_pt ausente ou vazio
“tariq abadian”,“Tariq Abadian”,Nome Próprio (Pessoa),definicao_pt ausente ou vazio
"""abrar""",Abrar,Nome Próprio (Pessoa),definicao_pt ausente ou vazio
"""abu dujana""",Lá estou,Nome Próprio (Pessoa),definicao_pt ausente ou vazio
"""abu qasim""","Abu Qasim""",Nome Próprio (Pessoa),definicao_pt ausente ou vazio
"""dr. muzammil iqbal hashmii ameer""",Dr. Muzammil Iqbal Hashmi Ameer,Nome Próprio (Pessoa),definicao_pt ausente ou vazio
"""junaid matto""",Junaid Matto,Nome Próprio (Pessoa),definicao_pt ausente ou vazio
"""mehmood""",Mehmood,Nome Próprio (Pessoa),definicao_pt ausente ou vazio
"""owaid""",OWAID,Nome Próprio (Pessoa),definicao_pt ausente ou vazio
"""waseem shah""",Waseem Shah,Nome Próprio (Pessoa),definicao_pt ausente ou vazio
"""zargam""",Zargam,Nome Próprio (Pessoa),definicao_pt ausente ou vazio
“abdul hassan”,Abdul Hassan,Nome Próprio (Pessoa),definicao_pt ausente ou vazio
“abdul nawaz”,Abdul Nawaz,Nome Próprio (Pessoa),definicao_pt ausente ou vazio
“abdul rehman makki”,Abdul Rehman Makki,Nome Próprio (Pessoa),definicao_pt ausente ou vazio
“abdullah ghaznawi”,Abdullah Ghaznawi,Nome Próprio (Pessoa),definicao_pt ausente ou vazio
“abdullah muntazer”,Abdullah Muntazer,Nome Próprio (Pessoa),definicao_pt ausente ou vazio
“abdullah shehzad”,Abdullah Shehzad,Nome Próprio (Pessoa),definicao_pt ausente ou vazio
“abdullah yusuf azzam”,Abdullah Yusuf Azzam,Nome Próprio (Pessoa),definicao_pt ausente ou vazio
“abu ismail”,“Abu Ismail”,Nome Próprio (Pessoa),definicao_pt ausente ou vazio
“abu musef”,Abu Musef,Nome Próprio (Pessoa),definicao_pt ausente ou vazio
“dr zafar iqbal”,“Dr. Zafar Iqbal”,Nome Próprio (Pessoa),definicao_pt ausente ou vazio
“hafiz mohammed saeed”,Hafiz Mohammed Saeed,Nome Próprio (Pessoa),definicao_pt ausente ou vazio
“kari saif-ul-islam”,Kari Saif-ul-Islam,Nome Próprio (Pessoa),definicao_pt ausente ou vazio
“kari saif-ul-rahhman”,Kari Saif-ul-Rahman,Nome Próprio (Pessoa),definicao_pt ausente ou vazio
“khalid waleed”,Waleed's Kaleed,Nome Próprio (Pessoa),definicao_pt ausente ou vazio
“masood”,“Masood”,Nome Próprio (Pessoa),definicao_pt ausente ou vazio
“maulana abdul wahid”,Maulana Abdul Wahid,Nome Próprio (Pessoa),definicao_pt ausente ou vazio
“muhamad hussein gill”,Muhamad Hussein Gill,Nome Próprio (Pessoa),definicao_pt ausente ou vazio
“nazir ahmad chaudhry”,“Nazir Ahmad Chaudhry”,Nome Próprio (Pessoa),definicao_pt ausente ou vazio
“rahman-ur-dakhil”,Rahman-ur-Dakhil,Nome Próprio (Pessoa),definicao_pt ausente ou vazio
“sajid mirl”,“Sajid Mirl”,Nome Próprio (Pessoa),definicao_pt ausente ou vazio
“sajjad haider”,“Sajjad Haider”,Nome Próprio (Pessoa),definicao_pt ausente ou vazio
“usman bhai”,Usman Bhai,Nome Próprio (Pessoa),definicao_pt ausente ou vazio
“yahiya mujahid”,Yahiya Mujahid,Nome Próprio (Pessoa),definicao_pt ausente ou vazio
“zaki-ur-rehman lakhvi”,“Zaki-cur-Rehmans”,Nome Próprio (Pessoa),definicao_pt ausente ou vazio
"""mullah abdul ghani baradar""",Mullah Abdul Ghani Baradar,Nome Próprio (Pessoa),definicao_pt ausente ou vazio
"""hibatullah akhundzada""",Download de Hibatullah,Nome Próprio (Pessoa),definicao_pt ausente ou vazio
"""mawlawi hibatullah akhundzada""",Mawlawi Hibatullah Akhundzada,Nome Próprio (Pessoa),definicao_pt ausente ou vazio
"""mohammad nabi mohammadi"",","Mohammad Profeta Mohammadi,",Nome Próprio (Pessoa),definicao_pt ausente ou vazio
"""mohammad yunus khalis""",Mohammad Yunus Khalis,Nome Próprio (Pessoa),definicao_pt ausente ou vazio
"""mullah baradar""",Mullah Baradar,Nome Próprio (Pessoa),definicao_pt ausente ou vazio
"""mullah mohammad yaqoob""",Mullah Mohammad Yaqoob,Nome Próprio (Pessoa),definicao_pt ausente ou vazio
"""qari mohammad yousef ahmadi""",Conhecido Mohammad Özsef Kahmmadi,Nome Próprio (Pessoa),definicao_pt ausente ou vazio
"""sirajuddin haqqani""","Em ""SiraJuddin Haqa""",Nome Próprio (Pessoa),definicao_pt ausente ou vazio
"""zabiullah mujahid""",Zabiullah Mujahid,Nome Próprio (Pessoa),definicao_pt ausente ou vazio
"""mawlawi muhammad nabi muhammadi""",Mawlawi Muhammad Nabi Muhammadi,Nome Próprio (Pessoa),definicao_pt ausente ou vazio
"""adnan rasheed""",Adnan Rashed,Nome Próprio (Pessoa),definicao_pt ausente ou vazio
"""ahmadullah ahmadi""",Ahmadullah Ahmadi,Nome Próprio (Pessoa),definicao_pt ausente ou vazio
"""baitullah mehsud""",Baitullah Mehsud,Nome Próprio (Pessoa),definicao_pt ausente ou vazio
"""fazal hayat""",Vida Fazal,Nome Próprio (Pessoa),definicao_pt ausente ou vazio
"""hafiz gul bahadur""",Hafiz Gul Bahadur,Nome Próprio (Pessoa),definicao_pt ausente ou vazio
"""hakimullah mehsud"",","Hakimullah mehsud,",Nome Próprio (Pessoa),definicao_pt ausente ou vazio
"""jamshed mehsud""",Jamshed Mehsud,Nome Próprio (Pessoa),definicao_pt ausente ou vazio
"""mangal bagh afridi""",Mangal Bagh Afridi,Nome Próprio (Pessoa),definicao_pt ausente ou vazio
"""mangal bagh""",Mangal Bagh,Nome Próprio (Pessoa),definicao_pt ausente ou vazio
"""mansoor mohman""",Mansoor Mohman,Nome Próprio (Pessoa),definicao_pt ausente ou vazio
"""maulana fazlullah""",Maulana Fazlullah,Nome Próprio (Pessoa),definicao_pt ausente ou vazio
"""maulana muhammad ali balti""",Maulana Muhammad Ali Balti,Nome Próprio (Pessoa),definicao_pt ausente ou vazio
"""mufti hazrat""",Mufti Hazrat,Nome Próprio (Pessoa),definicao_pt ausente ou vazio
"""mufti khalid""",Mufti Khalid,Nome Próprio (Pessoa),definicao_pt ausente ou vazio
"""muhammad khurasani""",Muhammad Khurasani,Nome Próprio (Pessoa),definicao_pt ausente ou vazio
"""salahuddin ayubi""",Salahuddin Ayubi,Nome Próprio (Pessoa),definicao_pt ausente ou vazio
"""sheharyar mehsud""",Sheharyar Mehsud,Nome Próprio (Pessoa),definicao_pt ausente ou vazio
"""sheikh abu mohammed khalid haqqani""",Sheikh Abu Mohammed Khalid Haqqani,Nome Próprio (Pessoa),definicao_pt ausente ou vazio
"""sheikh gul muhammad""",Sheikh Gul Muhammad,Nome Próprio (Pessoa),definicao_pt ausente ou vazio
santo tarrant,Santo Tarrant,Nome Próprio (Pessoa),definicao_pt ausente ou vazio
santo breivik,Santo Breivik,Nome Próprio (Pessoa),definicao_pt ausente ou vazio
soros,Soros,Nome Próprio (Pessoa),definicao_pt ausente ou vazio
rothschild,Rothschild,Nome Próprio (Pessoa),definicao_pt ausente ou vazio
ian stuart,Ian Stuart,Nome Próprio (Pessoa),definicao_pt ausente ou vazio
"""hurras al-din""",Hurras al-Din,Nome de Organização,definicao_pt ausente ou vazio
"""harakat al-shabaab al-mujahideen""",Harakat al-Shabaab al-Mujahideen,Nome de Organização,definicao_pt ausente ou vazio
"""al-shabaab""",Al-Shabaab,Nome de Organização,definicao_pt ausente ou vazio
"""hizbul islam""",Hizbul Islam,Nome de Organização,definicao_pt ausente ou vazio
"""al-qaeda in the lands beyond the sahel""",Al-Qaeda nas terras além do Sahel,Nome de Organização,definicao_pt ausente ou vazio
"""al-wilaayat al-islamiyyah gharb afriqiyyah""",Bem-estar de Wilaayat al-Islayyyaah,Nome de Organização,definicao_pt ausente ou vazio
"""ansaru""",Ansaru,Nome de Organização,definicao_pt ausente ou vazio
"""boko haram""",Boko Haram,Nome de Organização,definicao_pt ausente ou vazio
"""isis wilayat gharb ifriqiyya""",É Wilayat Gharb Africans,Nome de Organização,definicao_pt ausente ou vazio
"""iswap""",Iswap,Nome de Organização,definicao_pt ausente ou vazio
"""jas""",Jas,Nome de Organização,definicao_pt ausente ou vazio
"""nigerian taliban""",Talibã nigeriano,Nome de Organização,definicao_pt ausente ou vazio
"""hamas""",Hamas,Nome de Organização,definicao_pt ausente ou vazio
"""islamic resistance movement""",Movimento de resistência islâmica,Nome de Organização,definicao_pt ausente ou vazio
"""izz ad-din al-qassam brigades""",Izz ad-din al-Qassam Brigadas,Nome de Organização,definicao_pt ausente ou vazio
"""al-nusra front""",Al-Nusra Front,Nome de Organização,definicao_pt ausente ou vazio
"""al-nusra""",Al-Nusra,Nome de Organização,definicao_pt ausente ou vazio
"""hayat tahrir al-sham""",Hayat Tahrir al-Sham,Nome de Organização,definicao_pt ausente ou vazio
"""hayat al-tahrir""",Hayat al-Tahrir,Nome de Organização,definicao_pt ausente ou vazio
"""jabhat al-nusra""",Jabhat al-Nusra,Nome de Organização,definicao_pt ausente ou vazio
"""jabhat""",Jabhat,Nome de Organização,definicao_pt ausente ou vazio
"""syrian salvation government""",Governo de salvação síria,Nome de Organização,definicao_pt ausente ou vazio
"""ka'taib hezbollah""",O Hezbollah's Clever,Nome de Organização,definicao_pt ausente ou vazio
"""the islamic resistance - lebanon""",A resistência islâmica - Líbano,Nome de Organização,definicao_pt ausente ou vazio
"""al-qaeda in iraq""",Al-Qaeda no Iraque,Nome de Organização,definicao_pt ausente ou vazio
"""caucusus emirate""",Caucusus Emirate,Nome de Organização,definicao_pt ausente ou vazio
"""daesh""",Daesh,Nome de Organização,definicao_pt ausente ou vazio
"""islamic state of iraq and the levant""",Estado islâmico do Iraque e do Levante,Nome de Organização,definicao_pt ausente ou vazio
"""islamic state of iraq""",Estado islâmico do Iraque,Nome de Organização,definicao_pt ausente ou vazio
"""islamic state""",Estado islâmico,Nome de Organização,definicao_pt ausente ou vazio
"""jamaah ansharut daulah""",Jamaah Ansharut Daulah,Nome de Organização,definicao_pt ausente ou vazio
"""united cyber caliphate""",Califato Cibernético Unido,Nome de Organização,definicao_pt ausente ou vazio
"""fedayeen-e-islam""",Fedayy-e-Islam,Nome de Organização,definicao_pt ausente ou vazio
"""former jundallah of iran""",Ex -Jundallah do Irã,Nome de Organização,definicao_pt ausente ou vazio
"""jaish al-adl""",Jaish al-adl,Nome de Organização,definicao_pt ausente ou vazio
"""jonbesh-i moqavemat-i-mardom-i iran""",Jonbesh-i moqavemat-i-mardom-i Irã,Nome de Organização,definicao_pt ausente ou vazio
"""jondallah""",Jondallah,Nome de Organização,definicao_pt ausente ou vazio
"""jondollah""",Jondollah,Nome de Organização,definicao_pt ausente ou vazio
"""jondullah""",Jondullah,Nome de Organização,definicao_pt ausente ou vazio
"""jundallah""",Jundallah,Nome de Organização,definicao_pt ausente ou vazio
"""jundollah""",Jundollah,Nome de Organização,definicao_pt ausente ou vazio
"""jundullah""",Jundullah,Nome de Organização,definicao_pt ausente ou vazio
"""people's resistances movement of iran"" ""(pmri)""","Resistência das pessoas Movimento do Irã ""(PMRI)""",Nome de Organização,definicao_pt ausente ou vazio
"""the popular resistance movement of iran""",O movimento popular de resistência do Irã,Nome de Organização,definicao_pt ausente ou vazio
“ahl sonat iran”,“Ahl Sonat Irã”,Nome de Organização,definicao_pt ausente ou vazio
“sazmanjeshuladi”,Diga Devide,Nome de Organização,definicao_pt ausente ou vazio
"""the adl soldiers""",Os soldados da ADL,Nome de Organização,definicao_pt ausente ou vazio
"""jaish-e-adl organisation""",Organização Jaish-e-ADL,Nome de Organização,definicao_pt ausente ou vazio
"""al-mansooreen"" / ""al mansoorian""","Al-Mansooreen / ""Al Mansoorian""",Nome de Organização,definicao_pt ausente ou vazio
"""jamaat-ut-dawa"";""islamic jamaat ud dawa""""jama’at-i-dawat""; ""jamaati-ud-dawa""; ""jamaat ud-daawa""; ""jama'at-ud-da'awa""; ""jama'at-ud-da'awah""; ""jamaat-ud-dawa""; ""jama'at ul-da'awa""; ""jamaiat-ud-dawa"";","That-Dawa; ""Islâmico Short Dawa,"" Jama'at-i-Dawat "";"" Jama's ""Dawa""; ""Três""; ""Jasa'at-da'awawa""; ""Ja'at-u-ud-u-ud-ud-u-ud-ud-u-ud-u-ud-u-ud-u-ud-u-u-u-u-ud-u-u-u-u-ui, Is Is é dito;"" thot-dawa "";"" Jasa 'anos ul-da'; ""Jamiat-ud-dawa"";",Nome de Organização,definicao_pt ausente ou vazio
"""jud""",Jud,Nome de Organização,definicao_pt ausente ou vazio
"""lashkar e-taiba"" / ""lashkar-e-toiba"" / ""lashkar-i-taiba""","Lashkar E-Taiba / ""Lashkar-e-Toiba"" / ""Lashkar-i-Taiba""",Nome de Organização,definicao_pt ausente ou vazio
"""lashkar-e-qahhar""",Armour-e-qahhar,Nome de Organização,definicao_pt ausente ou vazio
"""let""",Deixar,Nome de Organização,definicao_pt ausente ou vazio
"""markaz-ad-dawa-wal-irshhd""",Mark-ad-wal-wal-wal-irshhd,Nome de Organização,definicao_pt ausente ou vazio
"""mdi""",Mdi,Nome de Organização,definicao_pt ausente ou vazio
"""milli muslim league""",Milli Muslim League,Nome de Organização,definicao_pt ausente ou vazio
"""moaz bin jabal trust""",Moaz bin Jabal Trust,Nome de Organização,definicao_pt ausente ou vazio
"""mosque and welfare trust""",Mosquita e confiança de bem -estar,Nome de Organização,definicao_pt ausente ou vazio
"""muaz bin jabal education trust""",Muaz Bin Jabal Education Trust,Nome de Organização,definicao_pt ausente ou vazio
"""paasban-e-ahle-hadis""",Ahle-ahle-ahdis,Nome de Organização,definicao_pt ausente ou vazio
"""paasban-e-ahle-hadis"" / ""paasban-i-ahle-hadith""","Todo-e-ahle-ahdis /""",Nome de Organização,definicao_pt ausente ou vazio
"""paasban-e-kashmir""",Lan-empregados,Nome de Organização,definicao_pt ausente ou vazio
"""paasban-e-kashmir"" / ""pasban-e-kashmir""","Paasban-e-Kashmir / ""Pasban-e-Kashmir""",Nome de Organização,definicao_pt ausente ou vazio
"""tehreek-e-azadi-e kashmir""",Tehreek-e-Azadi-e Caxemira,Nome de Organização,definicao_pt ausente ou vazio
"""the resistance front""",A frente de resistência,Nome de Organização,definicao_pt ausente ou vazio
"“al-dawa""",Al-Dawa,Nome de Organização,definicao_pt ausente ou vazio
“jamaat ud dawah”,James Ud Dawah,Nome de Organização,definicao_pt ausente ou vazio
“jud cyber team”,“Jud Cyber ​​Team”,Nome de Organização,definicao_pt ausente ou vazio
“movement of the safeguarding of the first center of prayer”,“Movimento da salvaguarda do primeiro centro de oração”,Nome de Organização,definicao_pt ausente ou vazio
“tajk”,Tajk,Nome de Organização,definicao_pt ausente ou vazio
"""alkarraroon""",Alkuraroon,Nome de Organização,definicao_pt ausente ou vazio
"""tehrik-i-taliban pakistan jamaat-ul-ahrar""","“Thear-i-tylian Pakistan Jamaat-in-Aharar""",Nome de Organização,definicao_pt ausente ou vazio
"""tehrik-i-taliban pakistan""",Tehrik-i-taliban,Nome de Organização,definicao_pt ausente ou vazio
"""tehrik-i-taliban south waziristan""","Tehrik-i-taliban Waziristan""",Nome de Organização,definicao_pt ausente ou vazio
"""tehrik-i-taliban""",Tehrik-i-taliban,Nome de Organização,definicao_pt ausente ou vazio; Token duplicado
russian imperial movement,Movimento imperial russo,Nome de Organização,definicao_pt ausente ou vazio
ndf,Ndf,Nome de Organização,definicao_pt ausente ou vazio
ndfp,Ndfp,Nome de Organização,definicao_pt ausente ou vazio
pdpp,Pdpp,Nome de Organização,definicao_pt ausente ou vazio
ku klux klan,Ku Klux Clan,Nome de Organização,definicao_pt ausente ou vazio
talibã,Talibã,Nome de Organização,definicao_pt ausente ou vazio
frente de libertação animal,Frente de Libertação Animal,Nome de Organização,definicao_pt ausente ou vazio
frente de libertação da terra,Frente de Libertação da Terra,Nome de Organização,definicao_pt ausente ou vazio
its (individualistas tendendo ao selvagem),ITS (Individualistas Tendendo ao Selvagem),Nome de Organização,definicao_pt ausente ou vazio
sociedade secreta silvestre,Sociedade Secreta Silvestre,Nome de Organização,definicao_pt ausente ou vazio
blood & honour,Blood & Honor,Nome de Organização,definicao_pt ausente ou vazio
"""bayaan islamic media foundation""",Muitas fundação de mídia islâmica,Entidade de Mídia,definicao_pt ausente ou vazio
"""fursan al-balagh media""",Balagh al-Bala,Entidade de Mídia,definicao_pt ausente ou vazio
"""geonews network""",Rede Geonews,Entidade de Mídia,definicao_pt ausente ou vazio
"""global islamic media front""",Frente global da mídia islâmica,Entidade de Mídia,definicao_pt ausente ou vazio
"""hattin institution""",Instituição Hattin,Entidade de Mídia,definicao_pt ausente ou vazio
"""jaish al-malahem al-electroni""",Jishe All-Malahm al-Eletroni,Entidade de Mídia,definicao_pt ausente ou vazio
"""nawa-i-afghan jihad""",Naua-i-Afghan Jihad,Entidade de Mídia,definicao_pt ausente ou vazio
"""nawa-i-ghazwa-e-hind""",Earn-i-Gharwa-e-Hind,Entidade de Mídia,definicao_pt ausente ou vazio
"""sham al-ribat foundation""",Fundação Sham al-Ribat,Entidade de Mídia,definicao_pt ausente ou vazio
"""sham al-ribat media foundation""",SHAM al-Ribat Media Foundation,Entidade de Mídia,definicao_pt ausente ou vazio
"""shumkh al-islam network""",Rede Shumkh Al-Islam,Entidade de Mídia,definicao_pt ausente ou vazio
"""thabat news agency""",Thabat News Agency,Entidade de Mídia,definicao_pt ausente ou vazio
“al-shamikha media foundation”,“Al-Shamikha Media Foundation”,Entidade de Mídia,definicao_pt ausente ou vazio
"""al-kataib foundation""",Fundação Al-Kataib,Entidade de Mídia,definicao_pt ausente ou vazio
"""calamada""",Flags,Entidade de Mídia,definicao_pt ausente ou vazio
"""shahada news agency""",Agência de notícias Shahada,Entidade de Mídia,definicao_pt ausente ou vazio
"""radio al-andalus""",Rádio al-Andalus,Entidade de Mídia,definicao_pt ausente ou vazio
"""radio al-furqaan""",Rádio al-Furqaan,Entidade de Mídia,definicao_pt ausente ou vazio
"""somali memo""",Memorando somali,Entidade de Mídia,definicao_pt ausente ou vazio
“abubakar adam kambar”,Abubakar Adam Kambar,Entidade de Mídia,definicao_pt ausente ou vazio
“al-sawarim media foundation”,“Al-Sawarim Media Foundation”,Entidade de Mídia,definicao_pt ausente ou vazio
“and make ready against them all you can of power”,“E prepare -se contra eles tudo o que puder de poder”,Entidade de Mídia,definicao_pt ausente ou vazio
"""al-aqsa tv"" ""your eyes on the homeland""","Al-Aqsa TV ""Seus olhos na pátria""",Entidade de Mídia,definicao_pt ausente ou vazio
“al-aqsa tv”,“TV al-Aqsa”,Entidade de Mídia,definicao_pt ausente ou vazio
"""amjad media foundation""",Amjad Media Foundation,Entidade de Mídia,definicao_pt ausente ou vazio
"""amjad""",Amjad,Entidade de Mídia,definicao_pt ausente ou vazio
"""dawa and guidance office""",Dawa e Orientação Office,Entidade de Mídia,definicao_pt ausente ou vazio
"""ebaa news agency""",Agência de notícias EBAA,Entidade de Mídia,definicao_pt ausente ou vazio
"""ebaa news""",A não tenho medo,Entidade de Mídia,definicao_pt ausente ou vazio
"""sg_mglas""",SG_MGLAS,Entidade de Mídia,definicao_pt ausente ou vazio
"""al-ahed news""",Notícias al-AHED,Entidade de Mídia,definicao_pt ausente ou vazio
"""al-ahed""",Al-Hed,Entidade de Mídia,definicao_pt ausente ou vazio
"""radio al-nour""",Rádio al-Nour,Entidade de Mídia,definicao_pt ausente ou vazio
"""the central combat information""",As informações de combate central,Entidade de Mídia,definicao_pt ausente ou vazio
"""ajnad foundation""",Ajnad Foundation,Entidade de Mídia,definicao_pt ausente ou vazio
"""al-battar foundation""",Fundação Al-Battar,Entidade de Mídia,definicao_pt ausente ou vazio
"""al-bayan radio""",Rádio Al-Bayan,Entidade de Mídia,definicao_pt ausente ou vazio
"""al-furat media foundation""",Al-Furat Media Foundation,Entidade de Mídia,definicao_pt ausente ou vazio
"""al-furqan foundation""",Fundação Al-Furqan,Entidade de Mídia,definicao_pt ausente ou vazio
"""al-hayat media centre""",Al-Hayat Media Center,Entidade de Mídia,definicao_pt ausente ou vazio
"""al-muhajireen foundation""",Fundação Al-Muhajireen,Entidade de Mídia,definicao_pt ausente ou vazio
"""al-mutarjim foundation""",Fundação Al-Mutarjim,Entidade de Mídia,definicao_pt ausente ou vazio
"""al-qitaal media center""",Al-Qitaal Media Center,Entidade de Mídia,definicao_pt ausente ou vazio
"""al-qitaal""",Al-Qitaal,Entidade de Mídia,definicao_pt ausente ou vazio
"""al-taqwa foundation""",Fundação Al-Taqwa,Entidade de Mídia,definicao_pt ausente ou vazio
"""amaq news agency""",Agência de notícias Amaq,Entidade de Mídia,definicao_pt ausente ou vazio
"""an-nûr media center""",Centro de mídia an-nûr,Entidade de Mídia,definicao_pt ausente ou vazio
"""arrukn media center""",Centro de mídia Arrukn,Entidade de Mídia,definicao_pt ausente ou vazio
"""asdaa foundation""",Fundação Asdaa,Entidade de Mídia,definicao_pt ausente ou vazio
"""ash-shaff media foundation""",Ash-Shaff Media Foundation,Entidade de Mídia,definicao_pt ausente ou vazio
"""bank al-ansar""",Banco Al-Ansar,Entidade de Mídia,definicao_pt ausente ou vazio
"""caliphate news""",Notícias do califado,Entidade de Mídia,definicao_pt ausente ou vazio
"""electronic horizons foundation""",Fundação Electronic Horizons,Entidade de Mídia,definicao_pt ausente ou vazio
"""elokab site""",Site ELOKAB,Entidade de Mídia,definicao_pt ausente ou vazio
"""i'tisaam foundation""",Fundação I''tisaam,Entidade de Mídia,definicao_pt ausente ou vazio
"""islamic state publisher""",Editor do Estado Islâmico,Entidade de Mídia,definicao_pt ausente ou vazio
"""muntasir media foundation""",Muntasir Media Foundation,Entidade de Mídia,definicao_pt ausente ou vazio
"""nashir news agency""",Nashir News Agency,Entidade de Mídia,definicao_pt ausente ou vazio
"""sumud media foundation""",Sumud Media Foundation,Entidade de Mídia,definicao_pt ausente ou vazio
"""sunni shield foundation""",Fundação Sunni Shield,Entidade de Mídia,definicao_pt ausente ou vazio
"""talaea al-ansar foundation""",Fundação Talaea al-Ansar,Entidade de Mídia,definicao_pt ausente ou vazio
"""urdu nashir""",Urdu Nashir,Entidade de Mídia,definicao_pt ausente ou vazio
“eda al-atnews”,Dadi al-Atnews,Entidade de Mídia,definicao_pt ausente ou vazio
“justice network”,“Rede de Justiça”,Entidade de Mídia,definicao_pt ausente ou vazio
“justice news”,“Notícias da justiça”,Entidade de Mídia,definicao_pt ausente ou vazio
“shabakeadl”,Rede,Entidade de Mídia,definicao_pt ausente ou vazio
"""al-eesar foundation""",Fundação Al-Eesar,Entidade de Mídia,definicao_pt ausente ou vazio
"""al-furqan trust""",Al-Furqan Trust,Entidade de Mídia,definicao_pt ausente ou vazio
"""al-hamd trust""",Al-Hamd Trust,Entidade de Mídia,definicao_pt ausente ou vazio
"""al-madinah foundation""",Fundação Al-Madinah,Entidade de Mídia,definicao_pt ausente ou vazio
"""al-rehmat trust organisation'",Al-Rhat Trust Organization ',Entidade de Mídia,definicao_pt ausente ou vazio
"""al-anfal trust""","Al-Anfal Trust""",Entidade de Mídia,definicao_pt ausente ou vazio
"""al-qdsia production""",Al-Qdsia Production,Entidade de Mídia,definicao_pt ausente ou vazio
"""dawat-ul-irshad trust""",Dawat-Ushad Trust,Entidade de Mídia,definicao_pt ausente ou vazio
"""falah-i-insaniat foundation""",Fundação Falah-i-Insaniat,Entidade de Mídia,definicao_pt ausente ou vazio
"""fif""",Fif,Entidade de Mídia,definicao_pt ausente ou vazio
"""idara khidmat-e-khalq""",Idara Khidmat-e-Kalq,Entidade de Mídia,definicao_pt ausente ou vazio
"""ikk""",Ikk,Entidade de Mídia,definicao_pt ausente ou vazio
“al-rabat”,“Al-Discount”,Entidade de Mídia,definicao_pt ausente ou vazio
"“gazwa” / ""ghazwa"" / ""ghazwa times"" / ""ghazwah""","Gazwa / ""Ghazwa"" / ""The Fire"" / ""Ghazwah""",Entidade de Mídia,definicao_pt ausente ou vazio
“jehad times”,“Jehad Times”,Entidade de Mídia,definicao_pt ausente ou vazio
"""al-emara""",Al-ema,Entidade de Mídia,definicao_pt ausente ou vazio
"""alemara news""",Alemara News,Entidade de Mídia,definicao_pt ausente ou vazio
"""alemara arabic""",Alemara árabe,Entidade de Mídia,definicao_pt ausente ou vazio
"""alemara english""",Alemara English,Entidade de Mídia,definicao_pt ausente ou vazio
"""alemara pashto""",Alemara pashto,Entidade de Mídia,definicao_pt ausente ou vazio
"""shahamat1.com""",Shahamat1.com,Entidade de Mídia,definicao_pt ausente ou vazio
"""umar media chirpwire""",Umar Media Chirpwire,Entidade de Mídia,definicao_pt ausente ou vazio
"""umar media""",Umar media,Entidade de Mídia,definicao_pt ausente ou vazio
"""do not follow""",Não siga,Produto de Mídia,definicao_pt ausente ou vazio
"""don't belittle anything""",Não menospreza nada,Produto de Mídia,definicao_pt ausente ou vazio
"""give enough salary to muslims""",Dê um salário suficiente aos muçulmanos,Produto de Mídia,definicao_pt ausente ou vazio
"""hajj of abu bakr""",Hajj de Abu Bakr,Produto de Mídia,definicao_pt ausente ou vazio
"""he was the first from the sahaba""",Ele foi o primeiro do Sahaba,Produto de Mídia,definicao_pt ausente ou vazio
"""how & why the verse of tayamum was revealed""",Como e por que o verso de Tayamum foi revelado,Produto de Mídia,definicao_pt ausente ou vazio
"""importance of khilafah""",Importância de Khilafah,Produto de Mídia,definicao_pt ausente ou vazio
"""marriage of hafsa bint umar & other issues""",Casamento de Hafsa Bint Umar e outros problemas,Produto de Mídia,definicao_pt ausente ou vazio
"""milestones""",Conquistas,Produto de Mídia,definicao_pt ausente ou vazio
"""miracle of khalid bin waleed""",Milagre de Khalid bin Waleed,Produto de Mídia,definicao_pt ausente ou vazio
"""one ummah magazine""",Uma revista ummah,Produto de Mídia,definicao_pt ausente ou vazio
"""out - do in patience (antara)""",Out - faça em paciência (Antara),Produto de Mídia,definicao_pt ausente ou vazio
"""personalities of the sahaba""",Personalidades do Sahaba,Produto de Mídia,definicao_pt ausente ou vazio
"""reflections on surat al-nur and al-hujurat""",Reflexões sobre Surat al-Nur e Al-Hujurat,Produto de Mídia,definicao_pt ausente ou vazio
"""resurgence magazine""",Revista de ressurgimento,Produto de Mídia,definicao_pt ausente ou vazio
"""salary to the muslims""",Salário para os muçulmanos,Produto de Mídia,definicao_pt ausente ou vazio
"""secrecy""",Segredo,Produto de Mídia,definicao_pt ausente ou vazio
"""some miracles""",Alguns milagres,Produto de Mídia,definicao_pt ausente ou vazio
"""statement from the general command""",Declaração do Comando Geral,Produto de Mídia,definicao_pt ausente ou vazio
"""taking assistance from kuffar""",Ajudando a Kuffar,Produto de Mídia,definicao_pt ausente ou vazio
"""the 3 most hated in the sight of allah""",Os 3 mais odiados à vista de Allah,Produto de Mídia,definicao_pt ausente ou vazio
"""the appointment of umar as caliph""",A nomeação de Umar como califa,Produto de Mídia,definicao_pt ausente ou vazio
"""the death of abu bakr""",A morte de Abu Bakr,Produto de Mídia,definicao_pt ausente ou vazio
"""the global islamic resistance call""",A chamada de resistência islâmica global,Produto de Mídia,definicao_pt ausente ou vazio
"""the management of savagery: the most critical stage through which the islamic nation will pass""",A gestão da selvageria: o estágio mais crítico pelo qual a nação islâmica passará,Produto de Mídia,definicao_pt ausente ou vazio
"""the inaugural address of abu bakr""",O endereço inaugural de Abu Bakr,Produto de Mídia,definicao_pt ausente ou vazio
"""the punishment of sodom & gomorrah""",O castigo de Sodoma e Gomorra,Produto de Mídia,definicao_pt ausente ou vazio
"""what is bayah""",O que é Bayah,Produto de Mídia,definicao_pt ausente ou vazio
"""why the rasul married many wives""",Por que o Rasul se casou com muitas esposas,Produto de Mídia,definicao_pt ausente ou vazio
"""wolves of manhattan magazine""",Lobos da revista Manhattan,Produto de Mídia,definicao_pt ausente ou vazio
"""series of martyrdom wills""",Série de vontades do martírio,Produto de Mídia,definicao_pt ausente ou vazio
"""voices of ribat""",Vozes de ribat,Produto de Mídia,definicao_pt ausente ou vazio
"""alahu kai zamub""",Da Zamub,Produto de Mídia,definicao_pt ausente ou vazio
"""an aspect of battles in west africa province""",Um aspecto das batalhas na província da África Ocidental,Produto de Mídia,definicao_pt ausente ou vazio
"""an aspect of progress in battles on the frontlines""",Um aspecto do progresso nas batalhas nas linhas de frente,Produto de Mídia,definicao_pt ausente ou vazio
"""attack on el nasir""",Ataque em El Nasir,Produto de Mídia,definicao_pt ausente ou vazio
"""claim of benisheikh""",Reivindicação de Benisheikh,Produto de Mídia,definicao_pt ausente ou vazio
"""dossier on kidnapping of hauwa liman, saifura khorsa, leah sharibu, alice ngaddah, university of maiduguri professors, and action against hunger workers""","Dossiê no seqüestro de Hauwa Liman, Samari, Leh Sharibu, Alice Ngaddah, professores da Universidade de Maiduri e ação contra trabalhadores da fome",Produto de Mídia,definicao_pt ausente ou vazio
"""exposé against shekau """,Exposto contra Shekau,Produto de Mídia,definicao_pt ausente ou vazio
"""flames of sharp swords""",Chamas de espadas afiadas,Produto de Mídia,definicao_pt ausente ou vazio
"""foiling attack by nigerian army apostates in borno""",Ataque frustrado dos apóstatas do exército nigeriano em Borno,Produto de Mídia,definicao_pt ausente ou vazio
"""glad tidings message from mujahideen in lake chad """,Boa mensagem de Majahideen em Lake Chad,Produto de Mídia,definicao_pt ausente ou vazio
"""grouping of sermons of the imam abu yusuf muhammed bin yusuf""",Agrupamento de sermões do imã Abu Yusuf Muhammed Bin Yusuf,Produto de Mídia,definicao_pt ausente ou vazio
"""harvest of the spies #1"" / ""la recolte des espions""","Colheita dos espiões #1 / ""O recolte dos espiões""",Produto de Mídia,definicao_pt ausente ou vazio
"""kankara kidnap"" and ""kankara schoolboys proof-of-life""","Kankara sequestro e ""Kankara Schoolboys Proof-of-Life""",Produto de Mídia,definicao_pt ausente ou vazio
"""knights of africa video""",Vídeo dos Cavaleiros da África,Produto de Mídia,definicao_pt ausente ou vazio
"""lecture on sincerity and the sincere""",Palestra sobre sinceridade e o sincero,Produto de Mídia,definicao_pt ausente ou vazio
"""letter to ahmad gumi""",Carta a Ahmad Gumi,Produto de Mídia,definicao_pt ausente ou vazio
"""love martyrdom for the sake of allah audio""",Ame o martírio pelo bem de Allah Audio,Produto de Mídia,definicao_pt ausente ou vazio
"""mawlid sermon""",Sermão Mawlid,Produto de Mídia,definicao_pt ausente ou vazio
"""message of glad tidings and advice to my brothers in allah in lake chad""","Mensagem de boas notícias e conselhos para meus irmãos em Allah, no lago Chad",Produto de Mídia,definicao_pt ausente ou vazio
"""message to bad scholars, especially isa ali pantami""","Mensagem para estudiosos ruins, especialmente Isa Ali Pantami",Produto de Mídia,definicao_pt ausente ou vazio
"""message to emmanuel macron""",Mensagem para Emmanuel Macron,Produto de Mídia,definicao_pt ausente ou vazio
"""message to france""",Mensagem para a França,Produto de Mídia,definicao_pt ausente ou vazio
"""message to nigerians and others from infidel states""",Mensagem para nigerianos e outros dos estados infiéis,Produto de Mídia,definicao_pt ausente ou vazio
"""message to the families of the chibok girls and federal government """,Mensagem para as famílias das meninas Chibok e do governo federal,Produto de Mídia,definicao_pt ausente ou vazio
"""new letter 2""",Nova letra 2,Produto de Mídia,definicao_pt ausente ou vazio
"""new letter""",Nova letra,Produto de Mídia,definicao_pt ausente ou vazio
"""on the completeness of our faith""",Sobre a integridade de nossa fé,Produto de Mídia,definicao_pt ausente ou vazio
"""proof of life of three chadian medics""",Prova de vida de três médicos chadianos,Produto de Mídia,definicao_pt ausente ou vazio
"""reaction to malignant b. bukarti by shaikh abubakar shekau""",Reação ao maligno B. dubarti por sheikh abubakar shekau,Produto de Mídia,definicao_pt ausente ou vazio
"""risalat taaziyah""","Risalat Taaziyah""",Produto de Mídia,definicao_pt ausente ou vazio
"""scenes from a battle in west africa province""",Cenas de uma batalha na província da África Ocidental,Produto de Mídia,definicao_pt ausente ou vazio
"""searching for the truth""",Procurando a verdade,Produto de Mídia,definicao_pt ausente ou vazio
"""shekau's christmas message""",Mensagem de Natal de Shekau,Produto de Mídia,definicao_pt ausente ou vazio
"""shekau's coronavirus message""",Mensagem de Coronavírus de Shekau,Produto de Mídia,definicao_pt ausente ou vazio
"""shekau's eid al-adha message""",Mensagem do Eid al-Adha de Shekau,Produto de Mídia,definicao_pt ausente ou vazio
"""shekau's message to chad's president""",A mensagem de Shekau para o presidente de Chad,Produto de Mídia,definicao_pt ausente ou vazio
"""shekau's video on the faith""",O vídeo de Shekau sobre a fé,Produto de Mídia,definicao_pt ausente ou vazio
"""slicing off the tumor"" / ""cutting out the tumour from the khawarij of shekau""","Cortando o tumor / ""Cortando o tumor do Khawarij de Shekau""",Produto de Mídia,definicao_pt ausente ou vazio
"""that our soldiers be victorious video""",Que nossos soldados sejam um vídeo vitorioso,Produto de Mídia,definicao_pt ausente ou vazio
"""the acute jihad of the believers until the hour of resurrection""",A jihad aguda dos crentes até a hora da ressurreição,Produto de Mídia,definicao_pt ausente ou vazio
"""therefore, god’s promise is true video""","Portanto, a promessa de Deus é um vídeo verdadeiro",Produto de Mídia,definicao_pt ausente ou vazio
"""they gained no advantage"" (part 1)",Eles não ganharam vantagem (parte 1),Produto de Mídia,definicao_pt ausente ou vazio
"""they gained no advantage"" (part 2 - ""sambisa battle video"")","Eles não ganharam vantagem (Parte 2 - ""Sambisa Battle Video"")",Produto de Mídia,definicao_pt ausente ou vazio
"""tribulations and blessings""",Tribulações e bênçãos,Produto de Mídia,definicao_pt ausente ou vazio
"""university of maiduguri attack""",Ataque da Universidade de Maiduguri,Produto de Mídia,definicao_pt ausente ou vazio
"""victorious sect and saved sect sermon""",Seita vitoriosa e sermão da seita salva,Produto de Mídia,definicao_pt ausente ou vazio
“mamman nur” / “mohammed nur”,"Somente Mamman / ""MOHAMMED SOMENTE"" """,Produto de Mídia,definicao_pt ausente ou vazio
"""melody of return - the promise band""",Melody of Return - The Promise Band,Produto de Mídia,definicao_pt ausente ou vazio
"""the song of the eaten storm - pay off, ibn al-qassam - strangers team""","A música da tempestade comida - pague, ibn al -Qassam - equipe de estranhos",Produto de Mídia,definicao_pt ausente ou vazio
"""the brotherhood's call - weird stars of islamic art""",O chamado da irmandade - estrelas estranhas da arte islâmica,Produto de Mídia,definicao_pt ausente ou vazio
"""say it is the fourth - the promise band.""",Diga que é o quarto - a banda de promessa.,Produto de Mídia,definicao_pt ausente ou vazio
"""ahl al-when - al-qassam brigades""",Ahl al-When-Al-Qassam Brigadas,Produto de Mídia,definicao_pt ausente ou vazio
"""the eaten storm brite""",The Comed Storm Brite,Produto de Mídia,definicao_pt ausente ou vazio
"""the white lighthouse""",O farol branco,Produto de Mídia,definicao_pt ausente ou vazio
"""ebaa news videos""",Vídeos de notícias da EBAA,Produto de Mídia,definicao_pt ausente ou vazio
"""baqiyyatullah magazine"",","Revista Magiskah "",",Produto de Mídia,definicao_pt ausente ou vazio
"""baqiyyatullah""",Baqiyyatullah,Produto de Mídia,definicao_pt ausente ou vazio
"""hezbollah nasheed ya nasrallah""",Hezbollah Nasheed Ya Nasrallah,Produto de Mídia,definicao_pt ausente ou vazio
"""labayka ya nasrallah - hezbollah nasheed""",Izbollah Nasheed,Produto de Mídia,definicao_pt ausente ou vazio
"""nasheed hezbollah - sayyid hassan""",Nasheed Hezbollah - Sayyid Hassan,Produto de Mídia,definicao_pt ausente ou vazio
"""al-anfal newsletter""",Newsletter Al-Anfal,Produto de Mídia,definicao_pt ausente ou vazio
"""al-dawat""",Al-Dawat,Produto de Mídia,definicao_pt ausente ou vazio
"""al-fatihin""",Al-Fatihin,Produto de Mídia,definicao_pt ausente ou vazio
"""al-naba newsletter""",Newsletter al-Naba,Produto de Mídia,definicao_pt ausente ou vazio
"""al-risalah""",Al-Risalah,Produto de Mídia,definicao_pt ausente ou vazio
"""arkan""",Arkan,Produto de Mídia,definicao_pt ausente ou vazio
"""caravan of the shuhada""",Caravana do Shuhada,Produto de Mídia,definicao_pt ausente ou vazio
"""clanging of the swords""",Glanging of the Swords,Produto de Mídia,definicao_pt ausente ou vazio
"""constantinople magazine""",Revista Constantinopla,Produto de Mídia,definicao_pt ausente ou vazio
"""dabiq magazine""",Revista Dabiq,Produto de Mídia,definicao_pt ausente ou vazio
"""dar al-islam magazine""",Mas a revista Al-Islam,Produto de Mídia,definicao_pt ausente ou vazio
"""demolishing the fences""",Demolindo as cercas,Produto de Mídia,definicao_pt ausente ou vazio
"""flames of war""",Flames of War,Produto de Mídia,definicao_pt ausente ou vazio
"""hadm al-aswar""",Hadm al-Aaswar,Produto de Mídia,definicao_pt ausente ou vazio
"""harvest of the soldiers""",Colheita dos soldados,Produto de Mídia,definicao_pt ausente ou vazio
"""healing the chests""",Curando os baús,Produto de Mídia,definicao_pt ausente ou vazio
"""inside the caliphate""",Dentro do califado,Produto de Mídia,definicao_pt ausente ou vazio
"""rumiyah magazine""",Revista Rumiyah,Produto de Mídia,definicao_pt ausente ou vazio
"""sawt al-hind""",Sawt Al-Hind,Produto de Mídia,definicao_pt ausente ou vazio
"""technical news bulletin""",Boletim de notícias técnicas,Produto de Mídia,definicao_pt ausente ou vazio
"""voice of hind""",Voz of Hind,Produto de Mídia,definicao_pt ausente ou vazio
"""war and media""",Guerra e mídia,Produto de Mídia,definicao_pt ausente ou vazio
“amaliyat”,Amaliyat,Produto de Mídia,definicao_pt ausente ou vazio
"""the determination of men""",A determinação dos homens,Produto de Mídia,definicao_pt ausente ou vazio
"""ahsas ki shama dil mein liye -jihadi nasheed jihadi tarana lashkar e taiba""",Ahsas Ki Shama Dil Mein Liye -Jihadi Nasheed Jihadi Tarana Lashkar E Taiba,Produto de Mídia,definicao_pt ausente ou vazio
"""deen aur dunya""",Deen Aur Dunya,Produto de Mídia,definicao_pt ausente ou vazio
"""eid message of hafiz saeed ameer jamat-ud-dawa pakistan""",Mensagem Eid de Hafiz Saeed Ameer Jamat-Dawa-Dawa Paquistão,Produto de Mídia,definicao_pt ausente ou vazio
"""khutba juma hafiz m.saeed topic eman""",Khutba Juma Hafiz M.Saeed Tópico Eman,Produto de Mídia,definicao_pt ausente ou vazio
"""khutba jumah by professor hafiz m_saeed on ijtima 2012""",Khutba jumah pelo professor Hafiz M_saeed no IJTima 2012,Produto de Mídia,definicao_pt ausente ou vazio
"""mufti abdul rehman abid - tarbiyat-i-nashist 2012""",Mufti Abdul Rehman Abid-Tarbiyat-i-Nashist 2012,Produto de Mídia,definicao_pt ausente ou vazio
"""muhammad sw world order vs new world order""",Ordem mundial de Muhammad SW vs Nova Ordem Mundial,Produto de Mídia,definicao_pt ausente ou vazio
"""sabeeluna al jihad urdu tarana nasheed""",Sabeeluna Al Jihad Urdu Tarana Nasheed,Produto de Mídia,definicao_pt ausente ou vazio
"""shaheedon ki yadain""",Shaheedon Ki Yadain,Produto de Mídia,definicao_pt ausente ou vazio
"""special message from dr. muzammil iqbal hashmi ameer jamat'ud'dawa karachi""",Mensagem especial do Dr. Muzammil Iqbal Hashmi Ameer Jamat'ud'dawa Karachi,Produto de Mídia,definicao_pt ausente ou vazio
"""speech abdul rehman makki (jamat ud dawa)""",Discurso Abdul Rehman Makki (Jamat Ud Dawa),Produto de Mídia,definicao_pt ausente ou vazio
"""taqwa aur nojawan""",Taqwa Aur Nojawan,Produto de Mídia,definicao_pt ausente ou vazio
"""terbiati nishist | topic: allah ki madad kaisy? by hafiz talha saeed (hafizaullah)""",Baseado em Nishist | Tópico: Allah Ki Madad Kaisy? Por Hafiz Talha Saeed (Hafizaullah),Produto de Mídia,definicao_pt ausente ou vazio
“age of jihad”,“Idade da Jihad”,Produto de Mídia,definicao_pt ausente ou vazio
“mujala-e-tulba”,Mujaa-e-tulba,Produto de Mídia,definicao_pt ausente ou vazio
“why are we waging jihad”,“Por que estamos travando a jihad”,Produto de Mídia,definicao_pt ausente ou vazio
"""press invitation and jihad""",Pressione Convite e Jihad,Produto de Mídia,definicao_pt ausente ou vazio
"""speech mullah omar laroo pashto nasheed""",Discurso Mullah Omar Laroo Pashto Nasheed,Produto de Mídia,definicao_pt ausente ou vazio
"""spesaly emarat pashto nasheed tarana""",Spesaly Emarat Pashto Nasheed Tarana,Produto de Mídia,definicao_pt ausente ou vazio
"""taliban nasheed pashto nasheed""",Taliban disse aos pashto,Produto de Mídia,definicao_pt ausente ou vazio
"""taliban sad nasheed""",Taliban Sad Nasheed,Produto de Mídia,definicao_pt ausente ou vazio
"""noor wali mehsud""",Noor Wali Mehhsu.,Produto de Mídia,definicao_pt ausente ou vazio
"""qafila-e-haq""",Qafila-e-e-Haq,Produto de Mídia,definicao_pt ausente ou vazio
"""2083""",2083,Produto de Mídia,definicao_pt ausente ou vazio
protocolos dos sábios de sião,Protocolos dos Sábios de Sião,Produto de Mídia,definicao_pt ausente ou vazio
rock contra o comunismo (rac),Rock Contra o Comunismo (RAC),Produto de Mídia,definicao_pt ausente ou vazio
black metal nacional-socialista,Black-socialista nacional,Produto de Mídia,definicao_pt ausente ou vazio
hatecore,Hatecore,Produto de Mídia,definicao_pt ausente ou vazio
música de ódio,Música de ódio,Produto de Mídia,definicao_pt ausente ou vazio
skrewdriver,Esquadrão,Produto de Mídia,definicao_pt ausente ou vazio
nazi punk,Punk nazista,Produto de Mídia,definicao_pt ausente ou vazio
"""the silent majority""",A maioria silenciosa,Slogan / Frase de Mobilização,definicao_pt ausente ou vazio
"""and be harsh upon them""",E seja duro com eles,Slogan / Frase de Mobilização,definicao_pt ausente ou vazio
"""a message to the tyrants""",Uma mensagem para os tiranos,Slogan / Frase de Mobilização,definicao_pt ausente ou vazio
"""and the outcome is best for the righteous""",E o resultado é o melhor para os justos,Slogan / Frase de Mobilização,definicao_pt ausente ou vazio
"""but they are alive, with their lord, as we consider them and allah is their advocate""","Mas eles estão vivos, com seu Senhor, como os consideramos e Allah é o advogado deles",Slogan / Frase de Mobilização,definicao_pt ausente ou vazio
"""disperse with them""",Disperse com eles,Slogan / Frase de Mobilização,definicao_pt ausente ou vazio
"""glad tidings to the believers""",Boa boas notícias para os crentes,Slogan / Frase de Mobilização,definicao_pt ausente ou vazio
"""kar a barmu abaya""",Não nos deixe escorregar,Slogan / Frase de Mobilização,definicao_pt ausente ou vazio
"""kufito muyi aiki""",Nós trabalhamos,Slogan / Frase de Mobilização,definicao_pt ausente ou vazio
"""learn a lesson for those who have eye""",Aprenda uma lição para quem tem olho,Slogan / Frase de Mobilização,definicao_pt ausente ou vazio
"""patience of men""",Paciência dos homens,Slogan / Frase de Mobilização,definicao_pt ausente ou vazio
"""patience of the men""",Paciência dos homens,Slogan / Frase de Mobilização,definicao_pt ausente ou vazio; Token duplicado
"""ramadan jihad""",Jihad Ramadã,Slogan / Frase de Mobilização,definicao_pt ausente ou vazio
"""slay them wherever you catch them""",Mate -os onde quer que você os pegue,Slogan / Frase de Mobilização,definicao_pt ausente ou vazio
"""so that those who perish will perish with evidence, and those who live will live with evidence""","Para que aqueles que perecem perecem com evidências, e aqueles que vivem viverão com evidências",Slogan / Frase de Mobilização,definicao_pt ausente ou vazio
"""there is no glory except jihad video""","Não há glória, exceto o vídeo da jihad",Slogan / Frase de Mobilização,definicao_pt ausente ou vazio
"""those who defy the injustices""",Aqueles que desafiam as injustiças,Slogan / Frase de Mobilização,definicao_pt ausente ou vazio
"“al-urwah al-wuthqa” / “al-urwah al-wuthqa foundation""","All-Urwah al-Wuthka / ""Al-Urwah Al-Wuthka Foundation"".",Slogan / Frase de Mobilização,definicao_pt ausente ou vazio
“at tibyan” / “attibyan”,"At Tibyan / ""Attibyan""",Slogan / Frase de Mobilização,definicao_pt ausente ou vazio
“even if the non-believers hate it”,“Mesmo que os não-crentes odiem”,Slogan / Frase de Mobilização,definicao_pt ausente ou vazio
“mohammed yusuf”,“Mohammed Yusuf”,Slogan / Frase de Mobilização,definicao_pt ausente ou vazio
"""oh hamas, teach us the gun.""","Oh Hamas, ensine -nos a arma.",Slogan / Frase de Mobilização,definicao_pt ausente ou vazio
"""al-aqsa is the blessing of our prophet. no one who fears anyone who is hostile to us""",Al-Aqsa é a bênção do nosso Profeta. Ninguém que teme a quem seja hostil para nós,Slogan / Frase de Mobilização,definicao_pt ausente ou vazio
"""you are a martyr, your son is a martyr.""","Você é um mártir, seu filho é um mártir.",Slogan / Frase de Mobilização,definicao_pt ausente ou vazio
"""jerusalem is not for sale""",Jerusalém não está à venda,Slogan / Frase de Mobilização,definicao_pt ausente ou vazio
"""o holy, we are coming.""","Ó Santo, estamos vindo.",Slogan / Frase de Mobilização,definicao_pt ausente ou vazio
"""longing the people of the green banner""",Apertando o povo da faixa verde,Slogan / Frase de Mobilização,definicao_pt ausente ou vazio
"""oh son of hebron shout""",Oh filho de Hebron Shout,Slogan / Frase de Mobilização,definicao_pt ausente ou vazio
"""al-muqawama""",Al-Muqawama,Slogan / Frase de Mobilização,definicao_pt ausente ou vazio
"""baqiya wa tatamadad""",Baqiya wa tatamadad,Slogan / Frase de Mobilização,definicao_pt ausente ou vazio
"""battle of attrition""",Batalha de atrito,Slogan / Frase de Mobilização,definicao_pt ausente ou vazio
"""from dabiq to rome""",De Dabiq a Roma,Slogan / Frase de Mobilização,definicao_pt ausente ou vazio
"""greenbirds""",Greenbirds,Slogan / Frase de Mobilização,definicao_pt ausente ou vazio
"""incite the believers""",Incite os crentes,Slogan / Frase de Mobilização,definicao_pt ausente ou vazio
"""kill them wherever you find them""",Mate -os onde quer que você os encontre,Slogan / Frase de Mobilização,definicao_pt ausente ou vazio
"""land of the caliphate""",Terra do califado,Slogan / Frase de Mobilização,definicao_pt ausente ou vazio
"""obedient supporters""",Apoiadores obedientes,Slogan / Frase de Mobilização,definicao_pt ausente ou vazio
"""strike the necks""",Breta os pescoços,Slogan / Frase de Mobilização,definicao_pt ausente ou vazio
"""youth of the caliphate""",Juventude do califado,Slogan / Frase de Mobilização,definicao_pt ausente ou vazio
"""soldiers of god""",Soldados de Deus,Slogan / Frase de Mobilização,definicao_pt ausente ou vazio
“in the name of justice”,“Em nome da justiça”,Slogan / Frase de Mobilização,definicao_pt ausente ou vazio
"""ae ameer e lashkar e taiba tujhey mera salam""",Ae Ameer E Lashkar e Taiba Tujhey Mera Salam,Slogan / Frase de Mobilização,definicao_pt ausente ou vazio
"""ae azmat deeb kay paasbano""",Azmat Deb Kay Paasbano,Slogan / Frase de Mobilização,definicao_pt ausente ou vazio
"""ae doston kay dost""",Ae Doston Kay Dost,Slogan / Frase de Mobilização,definicao_pt ausente ou vazio
"""ae meray waten kay jiyalay jaa""",Ae Mere Waten Kay Jiyalay Jaa,Slogan / Frase de Mobilização,definicao_pt ausente ou vazio
"""ae shaheedo tumhara ye ehsan""",Ae Shaheedo Tumhara Ye Ehsan,Slogan / Frase de Mobilização,definicao_pt ausente ou vazio
"""aik nahin kitni naslon ka must""","Aik Nahin Kitni Naslon Ka deve""",Slogan / Frase de Mobilização,definicao_pt ausente ou vazio
"""alah e insaniyat ka azm lay k""",Alah e insaniyat ka azm lay k,Slogan / Frase de Mobilização,definicao_pt ausente ou vazio
"""andhairi raat ka sitara bun k""",Andhairi Raat Ka Sitara Bun K,Slogan / Frase de Mobilização,definicao_pt ausente ou vazio
"""apna ghum apni zaban say bhala""",Apna ghum apni zaban diz bhala,Slogan / Frase de Mobilização,definicao_pt ausente ou vazio
"""ay lashkar e taiba k shero""",Ay Lashkar e Taiba K Shero,Slogan / Frase de Mobilização,definicao_pt ausente ou vazio
"""aye ga phir say farishton ka l""",Aye ga phir diz Farishton Ka L,Slogan / Frase de Mobilização,definicao_pt ausente ou vazio
"""barood ki barsaat main""",Barood Ki Barsaat Main,Slogan / Frase de Mobilização,definicao_pt ausente ou vazio
"""chalay farishton k pak lashkar""",Chalay Farishton K Pak Lashkar,Slogan / Frase de Mobilização,definicao_pt ausente ou vazio
"""darwazakhularakhlena"" / ""leave the door open""","Darwazakhularakhlena / ""deixe a porta aberta""",Slogan / Frase de Mobilização,definicao_pt ausente ou vazio
"""fatah miley chahe jaan jae""",Fatah Miley Chahe Jaan Jae,Slogan / Frase de Mobilização,definicao_pt ausente ou vazio
"""fidai lashkar e taiba k bun k a rahay hain hum""",Fidai Lashkar e Taiba K Bun K a Rahay Hain Hum,Slogan / Frase de Mobilização,definicao_pt ausente ou vazio
"""ham piyare nabi ke deewane""",Ham Piyaare Nabi Ke Deewane,Slogan / Frase de Mobilização,definicao_pt ausente ou vazio
"""haya alul jihad""",Haya Alum Jihad,Slogan / Frase de Mobilização,definicao_pt ausente ou vazio
"""hum kal bhi harf e muqabil tha""",Hum kal bhi harf e muqabil tha,Slogan / Frase de Mobilização,definicao_pt ausente ou vazio
"""hum musalman hain""",Hum Musalman Hain,Slogan / Frase de Mobilização,definicao_pt ausente ou vazio
"""hum naara e takbir say batil k""",Hum Naara é o takbir do seu apoio,Slogan / Frase de Mobilização,definicao_pt ausente ou vazio
"""jamat dawa khidmat ka dosra naam"" / ""another name for jamaat dawa khidmat""","Jamat Dawa Khidmat Ka Dosra Naam / ""Outro nome para Jamaat Dawa Khidmat""",Slogan / Frase de Mobilização,definicao_pt ausente ou vazio
"""jihad he main hay kaamrani""",Jihad ele principal Hay Kaamrani,Slogan / Frase de Mobilização,definicao_pt ausente ou vazio
"""jihad ki barkat sy""",Jihad Ki Barkat Sy,Slogan / Frase de Mobilização,definicao_pt ausente ou vazio
"""jis khak pay aslaf k sajdon ka""",Jis khak paga aslaf k sajdon ka,Slogan / Frase de Mobilização,definicao_pt ausente ou vazio
"""kashmir ka ye karwan dehli tal""",Caxemira ka ye karwan dehli tal,Slogan / Frase de Mobilização,definicao_pt ausente ou vazio
"""kashmir ky golshan main""",Caxemira Ky Golshan Main,Slogan / Frase de Mobilização,definicao_pt ausente ou vazio
"""keep an eye on the tagert""",Fique de olho no Tagert,Slogan / Frase de Mobilização,definicao_pt ausente ou vazio
"""khanjron k saye main""",Khanjron K Saye Main,Slogan / Frase de Mobilização,definicao_pt ausente ou vazio
"""khoon e shaheedan say rungeen""",Khoon e Shedan diz Rungeen,Slogan / Frase de Mobilização,definicao_pt ausente ou vazio
"""labaik ya aqsa""",Labaik ya aqsa,Slogan / Frase de Mobilização,definicao_pt ausente ou vazio
"""madhosh nahin baidaar hain hum""",Madhosh Nahin Baidaar Hain Hum,Slogan / Frase de Mobilização,definicao_pt ausente ou vazio
"""main shaer e jihad""",Main Shaer E Jihad,Slogan / Frase de Mobilização,definicao_pt ausente ou vazio
"""mere labon ki har dua mujahideen k liye""",Mero Labon Ki Har Dua Mujahideen K Liye,Slogan / Frase de Mobilização,definicao_pt ausente ou vazio
"""mery shuhda meray ghazi""",Mery Shuhda Meray Ghazi,Slogan / Frase de Mobilização,definicao_pt ausente ou vazio
"""razm gah ko chul""",Razm gah chul,Slogan / Frase de Mobilização,definicao_pt ausente ou vazio
"""siri nager ki jail hamain na d""",Siri nager ki prisão hamain na d,Slogan / Frase de Mobilização,definicao_pt ausente ou vazio
"""taiba k lashkar k jari jaanbaz""",Taiba K Lashkar K Jari Jaanbaz,Slogan / Frase de Mobilização,definicao_pt ausente ou vazio
"""the message of ramadan is jihad""",A mensagem do Ramadã é Jihad,Slogan / Frase de Mobilização,definicao_pt ausente ou vazio
"""tujh ko apni panah main rakhay""",Tujh ko apni Panah Main Rakhay,Slogan / Frase de Mobilização,definicao_pt ausente ou vazio
"""tujhey ae naujawan aisa jahan""",Tujhey Ae Naujawan Aisa Jahan,Slogan / Frase de Mobilização,definicao_pt ausente ou vazio
"""ye shola na bujh jaye"" /",Ye Shola na bujh Jaye /,Slogan / Frase de Mobilização,definicao_pt ausente ou vazio
"""zamin maily nahin hoty""",Zamin Maily Nahin Hoty,Slogan / Frase de Mobilização,definicao_pt ausente ou vazio
"""zindaa hai""",Zindaa hai,Slogan / Frase de Mobilização,definicao_pt ausente ou vazio
“hyder-e-krar”,“Hyder-e-Krar”,Slogan / Frase de Mobilização,definicao_pt ausente ou vazio
"""islami emirat afghanistan zindabad""",Emirados islâmicos Afeganistão Zindabad,Slogan / Frase de Mobilização,definicao_pt ausente ou vazio
"""fill your heart with hate""",Encha seu coração de ódio,Slogan / Frase de Mobilização,definicao_pt ausente ou vazio
"""all you need is hate""",Tudo que você precisa é de ódio,Slogan / Frase de Mobilização,definicao_pt ausente ou vazio
"""only bullets will stop us""",Apenas balas vão nos parar,Slogan / Frase de Mobilização,definicao_pt ausente ou vazio
"""hitler was right""",Hitler estava certo,Slogan / Frase de Mobilização,definicao_pt ausente ou vazio
"""refugees not welcome, hitler was right""","Refugiados não são bem -vindos, Hitler estava certo",Slogan / Frase de Mobilização,definicao_pt ausente ou vazio
"""pray for rain""",Ore pela chuva,Slogan / Frase de Mobilização,definicao_pt ausente ou vazio
"""heil saint t""",Heil Saint T,Slogan / Frase de Mobilização,definicao_pt ausente ou vazio
14 palavras,14 palavras,Slogan / Frase de Mobilização,definicao_pt ausente ou vazio
rahowa,Raewa,Slogan / Frase de Mobilização,definicao_pt ausente ou vazio
orgulho branco,Orgulho Branco,Slogan / Frase de Mobilização,definicao_pt ausente ou vazio
sieg heil,Sieg Heil,Slogan / Frase de Mobilização,definicao_pt ausente ou vazio
allahu akbar,Allahu Akbar,Slogan / Frase de Mobilização,definicao_pt ausente ou vazio
deus vult,Deus deseja,Slogan / Frase de Mobilização,definicao_pt ausente ou vazio
fora stf,Fora STF,Slogan / Frase de Mobilização,definicao_pt ausente ou vazio
resistência civil,Resistência civil,Slogan / Frase de Mobilização,definicao_pt ausente ou vazio
hitler estava certo,Hitler estava certo,Slogan / Frase de Mobilização,definicao_pt ausente ou vazio; Token duplicado
nos vemos em valhalla,Nos vemos em Valhalla,Slogan / Frase de Mobilização,definicao_pt ausente ou vazio
pinochet estava certo,Pinochet estava certo,Slogan / Frase de Mobilização,definicao_pt ausente ou vazio
heil hitler,Heil Hitler,Slogan / Frase de Mobilização,definicao_pt ausente ou vazio
viva osama,Viva Osama,Slogan / Frase de Mobilização,definicao_pt ausente ou vazio
unabomber estava certo,Unabomber estava certo,Slogan / Frase de Mobilização,definicao_pt ausente ou vazio
white power,Poder branco,Slogan / Frase de Mobilização,definicao_pt ausente ou vazio
"""al-wala wal bara"" 2",Al-Wala Wal Bara 2,Conceito Doutrinário ou Ideológico,definicao_pt ausente ou vazio
“hudna”,Hudna,Conceito Doutrinário ou Ideológico,definicao_pt ausente ou vazio
"""centers of jihad""",Centros de Jihad,Conceito Doutrinário ou Ideológico,definicao_pt ausente ou vazio
"""ahlut-tawhid""",Atlut-Tawhid,Conceito Doutrinário ou Ideológico,definicao_pt ausente ou vazio
"""wilayat al-barakah""",Wilayat al-Barakah,Conceito Doutrinário ou Ideológico,definicao_pt ausente ou vazio
"""wilayat al-barqah""",Wilayat al-Barqah,Conceito Doutrinário ou Ideológico,definicao_pt ausente ou vazio
"""wilayat al-bayda""",Wilayat al-Bayda,Conceito Doutrinário ou Ideológico,definicao_pt ausente ou vazio
"""wilayat al-sham al-khayr""",Wilayat al-Sham al-Khayr,Conceito Doutrinário ou Ideológico,definicao_pt ausente ou vazio
"""wilayat al-sham""",Wilayat al-Sham,Conceito Doutrinário ou Ideológico,definicao_pt ausente ou vazio
"""wilayat central africa""",Wilayat Central Africa,Conceito Doutrinário ou Ideológico,definicao_pt ausente ou vazio
"""wilayat dijlah""",Wilayat Toolah,Conceito Doutrinário ou Ideológico,definicao_pt ausente ou vazio
"""wilayat diyala""",Wilayat diyala,Conceito Doutrinário ou Ideológico,definicao_pt ausente ou vazio
"""wilayat east asia""",Wilayat East Asia,Conceito Doutrinário ou Ideológico,definicao_pt ausente ou vazio
"""wilayat fallujah""",Wilayat Fallujah,Conceito Doutrinário ou Ideológico,definicao_pt ausente ou vazio
"""wilayat homs""",Wilayat Homs,Conceito Doutrinário ou Ideológico,definicao_pt ausente ou vazio
"""wilayat iraq""",Wilayat Iraque,Conceito Doutrinário ou Ideológico,definicao_pt ausente ou vazio
"""wilayat khorasan""",Wilayat Khorasan,Conceito Doutrinário ou Ideológico,definicao_pt ausente ou vazio
"""wilayat kirkuk""",Wilayat Kirkuk,Conceito Doutrinário ou Ideológico,definicao_pt ausente ou vazio
"""wilayat libya""",Wilayat Líbia,Conceito Doutrinário ou Ideológico,definicao_pt ausente ou vazio
"""wilayat salahuddin""",Wilayat Salahuddin,Conceito Doutrinário ou Ideológico,definicao_pt ausente ou vazio
"""wilayat shamal baghdad""",Wilayat Shamal Bagdá,Conceito Doutrinário ou Ideológico,definicao_pt ausente ou vazio
"""wilayat sinai""",Wilayat Sinai,Conceito Doutrinário ou Ideológico,definicao_pt ausente ou vazio
"""wilayat somal""",Wilayat Somal,Conceito Doutrinário ou Ideológico,definicao_pt ausente ou vazio
"""wilayat tarabulus""",Wilayat Tarabulus,Conceito Doutrinário ou Ideológico,definicao_pt ausente ou vazio
"""wilayat west africa""",Wilayat West Africa,Conceito Doutrinário ou Ideológico,definicao_pt ausente ou vazio
"""wilayat yemen""",Wilayat Iêmen,Conceito Doutrinário ou Ideológico,definicao_pt ausente ou vazio
"""dawah or takfeer""",Dawah ou Takfeer,Conceito Doutrinário ou Ideológico,definicao_pt ausente ou vazio
mgtow,Mgtow,Conceito Doutrinário ou Ideológico,definicao_pt ausente ou vazio
incel,Incel,Conceito Doutrinário ou Ideológico,definicao_pt ausente ou vazio
feminazi,Feminazi,Conceito Doutrinário ou Ideológico,definicao_pt ausente ou vazio
masculinista,Masculinista,Conceito Doutrinário ou Ideológico,definicao_pt ausente ou vazio
qanon,Qanon,Conceito Doutrinário ou Ideológico,definicao_pt ausente ou vazio
nova ordem mundial,Nova Ordem Mundial,Conceito Doutrinário ou Ideológico,definicao_pt ausente ou vazio
marxismo cultural,Marxismo cultural,Conceito Doutrinário ou Ideológico,definicao_pt ausente ou vazio
foro de são paulo,Foro de São Paulo,Conceito Doutrinário ou Ideológico,definicao_pt ausente ou vazio
adrenocromo,Adrenocromo,Conceito Doutrinário ou Ideológico,definicao_pt ausente ou vazio
chemtrails,Chemtrails,Conceito Doutrinário ou Ideológico,definicao_pt ausente ou vazio
terra plana,Terra Plana,Conceito Doutrinário ou Ideológico,definicao_pt ausente ou vazio
estado profundo,Estado profundo,Conceito Doutrinário ou Ideológico,definicao_pt ausente ou vazio
agenda 2030,Agenda 2030,Conceito Doutrinário ou Ideológico,definicao_pt ausente ou vazio
vacina causa autismo,Vacina causa autismo,Conceito Doutrinário ou Ideológico,definicao_pt ausente ou vazio
grande substituição,Grande Substituição,Conceito Doutrinário ou Ideológico,definicao_pt ausente ou vazio
identidade cristã,Identidade Cristã,Conceito Doutrinário ou Ideológico,definicao_pt ausente ou vazio
infiel,Infiel,Conceito Doutrinário ou Ideológico,definicao_pt ausente ou vazio
sharia,Sharia,Conceito Doutrinário ou Ideológico,definicao_pt ausente ou vazio
califado,Califado,Conceito Doutrinário ou Ideológico,definicao_pt ausente ou vazio
fatwa,Fatwa,Conceito Doutrinário ou Ideológico,definicao_pt ausente ou vazio
globalistas,Globalistas,Conceito Doutrinário ou Ideológico,definicao_pt ausente ou vazio
sionista,Sionista,Conceito Doutrinário ou Ideológico,definicao_pt ausente ou vazio
globalistas (contexto antissemita),Globalistas (contexto antissemita),Conceito Doutrinário ou Ideológico,definicao_pt ausente ou vazio
ecoterrorismo,Eco -terrorismo,Conceito Doutrinário ou Ideológico,definicao_pt ausente ou vazio
eco-extremismo,Eco-Extremismo,Conceito Doutrinário ou Ideológico,definicao_pt ausente ou vazio
cultural marxism,Marxismo cultural,Conceito Doutrinário ou Ideológico,Token duplicado
language subversion,Subversão da linguagem,Conceito Doutrinário ou Ideológico,Token duplicado
14 words,14 palavras,Meme / Gíria / Código Online,Token duplicado
4/20,4/20,Meme / Gíria / Código Online,definicao_pt ausente ou vazio
311,311,Meme / Gíria / Código Online,definicao_pt ausente ou vazio
"""buchenwalk princess""",Princesa de Buchenwalk,Meme / Gíria / Código Online,definicao_pt ausente ou vazio
"""#remember lads, subscribe to pew die die""","#Remerem lembrar rapazes, assine o Pew Die",Meme / Gíria / Código Online,definicao_pt ausente ou vazio
chad,Chade,Meme / Gíria / Código Online,definicao_pt ausente ou vazio
stacy,Stacy,Meme / Gíria / Código Online,definicao_pt ausente ou vazio
femoid,Femoid,Meme / Gíria / Código Online,definicao_pt ausente ou vazio
macho beta,Beta macho,Meme / Gíria / Código Online,definicao_pt ausente ou vazio
homem sigma,Homem Sigma,Meme / Gíria / Código Online,definicao_pt ausente ou vazio
beta uprising,Revolta beta,Meme / Gíria / Código Online,definicao_pt ausente ou vazio
six gorillion,Seis gorilhões,Meme / Gíria / Código Online,definicao_pt ausente ou vazio
“first intifada”,“Primeira Intifada”,Evento / Data / Período,definicao_pt ausente ou vazio
cruzada,Cruzada,Evento / Data / Período,definicao_pt ausente ou vazio
"""camp shaykh abubakar shekau""",Clique em Download para salvar Camp Shaykh Abubakar Shekau,Localização / Topônimo,definicao_pt ausente ou vazio
“the curse of god is on the liars”,“A maldição de Deus está sobre os mentirosos”,Localização / Topônimo,definicao_pt ausente ou vazio
"""al-aqsa""",Al-Aqsa,Localização / Topônimo,definicao_pt ausente ou vazio
"""deir ezzor province""",Província de Deir Ezzor,Localização / Topônimo,definicao_pt ausente ou vazio
“baloch”,“Baloch”,Localização / Topônimo,definicao_pt ausente ou vazio
“khorasan”,“Khorasan”,Localização / Topônimo,definicao_pt ausente ou vazio
“kordestan”,Cordas,Localização / Topônimo,definicao_pt ausente ou vazio
"""jammu & kashmir""",Jammu e Caxemira,Localização / Topônimo,definicao_pt ausente ou vazio
"""khalid bin waleed & george""",Khalid Bin Waleed & George,Outro,definicao_pt ausente ou vazio
#duterterorismo,#Duterusterorism,Outro,definicao_pt ausente ou vazio
intervenção militar,Intervenção militar,Outro,definicao_pt ausente ou vazio
fraude nas urnas,Fraude nas urnas,Outro,definicao_pt ausente ou vazio
globo lixo,Globo lixo,Outro,definicao_pt ausente ou vazio
ditadura da toga,Ditadura da toga,Outro,definicao_pt ausente ou vazio
estado é quadrilha,Estado é quadrilha,Outro,definicao_pt ausente ou vazio
